Day N#,Start_Date,Mars_X,Mars_Y,Measurements_used
0,2000-01-01,1.3879108569450564,-0.007655799426263954,11
1,2000-01-02,1.3901318767084356,0.0066318355778716065,10
2,2000-01-03,1.3915462581036213,0.020396604603999474,11
3,2000-01-04,1.391944670603962,0.03560995646061754,11
4,2000-01-05,1.3921900128632336,0.050819707835989505,11
5,2000-01-06,1.3922822702399862,0.0660241385038859,11
6,2000-01-07,1.3922214366009353,0.08122153805678725,11
7,2000-01-08,1.3920075209494673,0.09641020920603947,11
8,2000-01-09,1.3916405536424519,0.11158847240980267,11
9,2000-01-10,1.3911205912143763,0.1267546704196128,11
10,2000-01-11,1.3904477192024374,0.14190717108650514,11
11,2000-01-12,1.3896220529470296,0.15704436731033364,11
12,2000-01-13,1.388643736944417,0.17216467416744452,11
13,2000-01-14,1.3875129436766747,0.1872665243664274,11
14,2000-01-15,1.3862298728039515,0.20234836359862549,11
15,2000-01-16,1.3847947512813699,0.21740864694614068,11
16,2000-01-17,1.3832078345576664,0.23244583670450686,11
17,2000-01-18,1.381469408663136,0.24745840127595187,11
18,2000-01-19,1.3795797927611846,0.26244481444420226,11
19,2000-01-20,1.3775393416520678,0.27740355435560393,11
20,2000-01-21,1.3753484478033335,0.29233310181383004,11
21,2000-01-22,1.3730075427063295,0.30723193793773323,11
22,2000-01-23,1.3705170975600958,0.32209854166433727,11
23,2000-01-24,1.3678776232379093,0.33693138778269477,11
24,2000-01-25,1.3650896691585295,0.3517289460568236,11
25,2000-01-26,1.3621538203663084,0.3664896816603024,11
26,2000-01-27,1.3590706922775209,0.38121205679966735,11
27,2000-01-28,1.355840942584621,0.395894551233795,11
28,2000-01-29,1.3524651862977382,0.4105355927339705,11
29,2000-01-30,1.3489441051213868,0.42513366742823644,11
30,2000-01-31,1.3452783668379305,0.4396872497622183,11
31,2000-02-01,1.3414686453271378,0.45419482164935004,11
32,2000-02-02,1.337515624361817,0.46865487367348885,11
33,2000-02-03,1.3334200031432073,0.483065906813268,11
34,2000-02-04,1.3291825020001238,0.49742643507414136,11
35,2000-02-05,1.3248038670301698,0.5117349889511199,11
36,2000-02-06,1.3202848730516126,0.5259901191300157,11
37,2000-02-07,1.3156263247484898,0.5401903995552559,11
38,2000-02-08,1.3108290561312852,0.5543344290964333,11
39,2000-02-09,1.305893928477876,0.5684208314972765,11
40,2000-02-10,1.3008218270181269,0.5824482539301673,11
41,2000-02-11,1.295613656895013,0.5964153650314227,11
42,2000-02-12,1.290270339192729,0.6103208534385735,11
43,2000-02-13,1.284792807797249,0.624163427458278,11
44,2000-02-14,1.2791820075047577,0.6379418157625675,11
45,2000-02-15,1.2734388933590821,0.6516547683474606,11
46,2000-02-16,1.2675644309707685,0.6653010567381523,11
47,2000-02-17,1.2615595976303988,0.6788794726953844,11
48,2000-02-18,1.2554253842022798,0.692388825330912,11
49,2000-02-19,1.2491627977924256,0.7058279372987543,11
50,2000-02-20,1.2427728648303067,0.719195641247704,11
51,2000-02-21,1.2362566335172023,0.732490777653045,11
52,2000-02-22,1.2296151739478436,0.7457121944003748,11
53,2000-02-23,1.2228495742360785,0.758858747503495,11
54,2000-02-24,1.2159609320964744,0.7719293018184691,11
55,2000-02-25,1.2089503432887447,0.7849227309204854,11
56,2000-02-26,1.201818890170509,0.7978379161507888,11
57,2000-02-27,1.1945676342111855,0.8106737456353211,11
58,2000-02-28,1.1871976151765382,0.8234291144069876,11
59,2000-02-29,1.1797098573735005,0.8361029265502492,11
60,2000-03-01,1.1721053811159332,0.8486940996990653,11
61,2000-03-02,1.1643852163596655,0.8612015714834774,11
62,2000-03-03,1.1565504153613921,0.873624306816356,11
63,2000-03-04,1.1486020619300554,0.8859613044328333,11
64,2000-03-05,1.1405412760710947,0.8982116010935769,11
65,2000-03-06,1.1323692142255668,0.9103742724811082,11
66,2000-03-07,1.1240870663790583,0.9224484308696871,11
67,2000-03-08,1.1156960517000127,0.9344332206927125,11
68,2000-03-09,1.1071974141319307,0.9463278137615777,11
69,2000-03-10,1.0985924188546394,0.9581314058985699,11
70,2000-03-11,1.0898823500119934,0.9698432161328241,11
71,2000-03-12,1.0810685096498789,0.9814624885917561,11
72,2000-03-13,1.0721522174340887,0.9929884961662829,11
73,2000-03-14,1.0631348105028486,1.004420544279502,11
74,2000-03-15,1.05401764287966,1.0157579728949917,11
75,2000-03-16,1.0448020842664525,1.0270001554093031,11
76,2000-03-17,1.0354895185502546,1.0381464941794931,11
77,2000-03-18,1.0260813425562358,1.049196413671879,11
78,2000-03-19,1.0165789650981774,1.0601493529638684,11
79,2000-03-20,1.006983805305068,1.071004759199385,11
80,2000-03-21,0.997297288234659,1.08176208265199,11
81,2000-03-22,0.9875208358492872,1.0924207728262636,11
82,2000-03-23,0.9776558529199122,1.1029802743232533,11
83,2000-03-24,0.9677037097294904,1.113440021523397,11
84,2000-03-25,0.9576657253571073,1.1237994322991056,11
85,2000-03-26,0.947543155844899,1.1340579022073949,11
86,2000-03-27,0.937337190357646,1.1442148011849635,11
87,2000-03-28,0.9270489560050338,1.1542694743833462,11
88,2000-03-29,0.9166795294279015,1.1642212476968623,11
89,2000-03-30,0.9062299516839546,1.1740694372579283,11
90,2000-03-31,0.8957012427929312,1.1838133610617154,11
91,2000-04-01,0.8841822451955367,1.194040838077679,10
92,2000-04-02,0.8734852466790738,1.2035553974601327,10
93,2000-04-03,0.8627133094033204,1.212963357180588,10
94,2000-04-04,0.851867471227806,1.2222641587878642,10
95,2000-04-05,0.8409487586521412,1.231457258316909,10
96,2000-04-06,0.829958185372677,1.240542116958281,10
97,2000-04-07,0.8188967522672267,1.2495181938061213,10
98,2000-04-08,0.8077654490335104,1.2583849427798304,10
99,2000-04-09,0.7965652571279679,1.2671418142999955,10
100,2000-04-10,0.7852971533341148,1.275788260762456,10
101,2000-04-11,0.7739621132667414,1.2843237437543997,10
102,2000-04-12,0.7625611143643354,1.2927477405602061,10
103,2000-04-13,0.7510951383495769,1.3010597478988468,10
104,2000-04-14,0.7395651735669309,1.3092592819538302,10
105,2000-04-15,0.7279722177636857,1.3173458752248195,10
106,2000-04-16,0.7163172815023112,1.3253190718208274,10
107,2000-04-17,0.7046013914523699,1.3331784228995773,10
108,2000-04-18,0.6928255917640829,1.3409234830610044,10
109,2000-04-19,0.6809909414493824,1.3485538073374665,10
110,2000-04-20,0.6691018802996983,1.3560699449925353,11
111,2000-04-21,0.6571049812128009,1.363454710103664,11
112,2000-04-22,0.6450520437106813,1.370721896731842,11
113,2000-04-23,0.6329441402471929,1.3778710045099234,11
114,2000-04-24,0.6207823231651199,1.384901518203657,11
115,2000-04-25,0.608567628001667,1.3918129105305708,11
116,2000-04-26,0.5963010798983306,1.3986046487901638,11
117,2000-04-27,0.5839837009942093,1.4052762048438743,11
118,2000-04-28,0.5716165168856168,1.4118270671600757,11
119,2000-04-29,0.5592005609958002,1.4182567529825951,11
120,2000-04-30,0.5467368765616961,1.4245648182748747,11
121,2000-05-01,0.534226516623878,1.4307508632277854,11
122,2000-05-02,0.5216705428036256,1.436814532143566,11
123,2000-05-03,0.5090700237469462,1.4427555082647112,11
124,2000-05-04,0.4964260339385547,1.4485735057715599,11
125,2000-05-05,0.4837396532457917,1.4542682618661014,11
126,2000-05-06,0.47101196719891747,1.4598395313971573,11
127,2000-05-07,0.4582440677794967,1.4652870852794713,11
128,2000-05-08,0.44543705442516074,1.4706107125740928,11
129,2000-05-09,0.43142269161775093,1.4762840465073357,10
130,2000-05-10,0.4185476584764186,1.4813335988485843,10
131,2000-05-11,0.4056378086169656,1.4862589209673185,10
132,2000-05-12,0.3926942504043247,1.491059894875898,10
133,2000-05-13,0.3797180892955657,1.4957365147514392,10
134,2000-05-14,0.3667104507522306,1.5002887729974086,10
135,2000-05-15,0.35367247538652746,1.5047166829911585,10
136,2000-05-16,0.340605317698696,1.5090202732923372,10
137,2000-05-17,0.32751014262806927,1.5131995812102144,10
138,2000-05-18,0.314388120155376,1.5172546463393108,10
139,2000-05-19,0.30124041909757787,1.5211855052150256,10
140,2000-05-20,0.2880682018203014,1.5249921884984639,10
141,2000-05-21,0.2748726213798052,1.5286747217257668,10
142,2000-05-22,0.26165482165490683,1.5322331298409373,10
143,2000-05-23,0.24841593986833138,1.5356674449385133,10
144,2000-05-24,0.23515711009332896,1.5389777161603229,10
145,2000-05-25,0.22187946620851154,1.5421640205332148,10
146,2000-05-26,0.20858414326930566,1.545226473600651,10
147,2000-05-27,0.1952722770676566,1.548165238851324,10
148,2000-05-28,0.1819450023356013,1.5509805350428958,10
149,2000-05-29,0.1686034503874739,1.5536726405565544,10
150,2000-05-30,0.15524874698294616,1.5562418941271234,10
151,2000-05-31,0.1418820109106336,1.5586886919238452,10
152,2000-06-01,0.12850435337471056,1.561013481889652,10
153,2000-06-02,0.11511687792200141,1.5632167569530642,10
154,2000-06-03,0.10172068055220419,1.5652990487394471,10
155,2000-06-04,0.08831684981982371,1.5672609227449874,10
156,2000-06-05,0.07490646701474084,1.569102975007153,10
157,2000-06-06,0.0614906067205711,1.5708258295382058,10
158,2000-06-07,0.0480703380812014,1.5724301354182468,10
159,2000-06-08,0.034646726910980793,1.5739165625272629,10
160,2000-06-09,0.021220838374800387,1.5752857953481147,10
161,2000-06-10,0.007793739450964304,1.576538524809534,10
162,2000-06-11,-0.00563349997118019,1.5776754383145215,10
163,2000-06-12,-0.019059808409545406,1.5786972077275874,10
164,2000-06-13,-0.0324841169107117,1.5796044747109599,10
165,2000-06-14,-0.045905365353863616,1.5803978333498951,10
166,2000-06-15,-0.059322509383198226,1.5810778117671702,10
167,2000-06-16,-0.0727345259825767,1.5816448563837728,10
168,2000-06-17,-0.08614041607026503,1.5820993230293046,10
169,2000-06-18,-0.0995392035944489,1.5824414774990023,10
170,2000-06-19,-0.1129299319227143,1.5826715052743807,10
171,2000-06-20,-0.12631165916918927,1.5827895276453419,10
172,2000-06-21,-0.13968345417677902,1.5827956204009732,10
173,2000-06-22,-0.15304439430548328,1.5826898315071003,10
174,2000-06-23,-0.16639356530699062,1.5824721952399718,10
175,2000-06-24,-0.17973006275279685,1.5821427416645502,10
176,2000-06-25,-0.19305299403587947,1.581701501734113,10
177,2000-06-26,-0.20636147999415236,1.5811485092120294,10
178,2000-06-27,-0.21965465555843672,1.5804838008542001,10
179,2000-06-28,-0.23293166927225076,1.5797074160227693,10
180,2000-06-29,-0.246191681922016,1.5788193965183213,10
181,2000-06-30,-0.25943386478097225,1.5778197871385353,10
182,2000-07-01,-0.27265739801670347,1.5767086372256487,10
183,2000-07-02,-0.28586146957139263,1.5754860031086977,10
184,2000-07-03,-0.29904527436195144,1.5741519509086683,10
185,2000-07-04,-0.31258214935295964,1.5726594501983264,9
186,2000-07-05,-0.32569764356883185,1.5710984541624022,9
187,2000-07-06,-0.33879016184449157,1.569427474581754,9
188,2000-07-07,-0.3518589397027459,1.5676466340236306,9
189,2000-07-08,-0.36490319904115226,1.5657560605647318,9
190,2000-07-09,-0.37792214230150595,1.5637558847141126,9
191,2000-07-10,-0.3909149498656449,1.5616462354756298,9
192,2000-07-11,-0.40388078171864833,1.5594272344331985,9
193,2000-07-12,-0.41681878277810563,1.5570989867424405,9
194,2000-07-13,-0.42972808989159134,1.5546615693604988,9
195,2000-07-14,-0.4426078380805031,1.5521150192995417,9
196,2000-07-15,-0.455457164263049,1.549459326555657,9
197,2000-07-16,-0.4682752080407214,1.5466944359973933,9
198,2000-07-17,-0.4810611105583002,1.543820259681993,9
199,2000-07-18,-0.49381401328824126,1.5408366974325989,9
200,2000-07-19,-0.5073055689446512,1.536252172266178,10
201,2000-07-20,-0.5199900563751856,1.5329972410771249,10
202,2000-07-21,-0.5326375294592973,1.5296328237447692,10
203,2000-07-22,-0.5452471227580584,1.5261590751077112,10
204,2000-07-23,-0.5578179927411222,1.5225762179235478,10
205,2000-07-24,-0.5703493199929578,1.5188845402419122,10
206,2000-07-25,-0.5828403093529427,1.5150843898470936,10
207,2000-07-26,-0.5952901888193399,1.511176168175634,10
208,2000-07-27,-0.6076982081267526,1.5071603253421244,10
209,2000-07-28,-0.6200636376615776,1.5030373569087783,10
210,2000-07-29,-0.6323857680654067,1.4988078022519926,10
211,2000-07-30,-0.6446639105589547,1.4944722439095361,10
212,2000-07-31,-0.6568973976404004,1.4900313070349676,10
213,2000-08-01,-0.6690855833917256,1.4854856579827593,10
214,2000-08-02,-0.6812278423659489,1.4808360011667303,10
215,2000-08-03,-0.6933235661898562,1.4760830737528872,10
216,2000-08-04,-0.7053721576766446,1.4712276383724816,10
217,2000-08-05,-0.7173730231825167,1.4662704745969821,10
218,2000-08-06,-0.7297868700271252,1.4611353676158794,9
219,2000-08-07,-0.7416624874597857,1.4559735946359118,9
220,2000-08-08,-0.7534888375654913,1.4507133166011483,9
221,2000-08-09,-0.7652653124920223,1.4453552885144605,9
222,2000-08-10,-0.7769912899742129,1.4399002449927052,9
223,2000-08-11,-0.7886661381501254,1.4343488941450517,9
224,2000-08-12,-0.8002892192002774,1.4287019137964792,9
225,2000-08-13,-0.8118598915372333,1.4229599522355312,9
226,2000-08-14,-0.8233775115334044,1.4171236348834417,9
227,2000-08-15,-0.834841436274446,1.4111935764270263,9
228,2000-08-16,-0.8462510284633148,1.4051703961348256,9
229,2000-08-17,-0.857605663676463,1.3990547332702297,9
230,2000-08-18,-0.8689047390618057,1.392847259770887,9
231,2000-08-19,-0.8801476816319426,1.3865486881465168,9
232,2000-08-20,-0.8916073646238819,1.3790993455072345,10
233,2000-08-21,-0.9027241904705321,1.3725917509062338,10
234,2000-08-22,-0.9137824982137864,1.3659958326984412,10
235,2000-08-23,-0.9247818861771997,1.3593124735728885,10
236,2000-08-24,-0.9357219778890304,1.3525425703838083,10
237,2000-08-25,-0.9466024161639569,1.345687025350766,10
238,2000-08-26,-0.9574228578435179,1.338746738410304,10
239,2000-08-27,-0.9681829689603055,1.3317226002387843,10
240,2000-08-28,-0.9788824197112371,1.3246154852687164,10
241,2000-08-29,-0.9895208784791145,1.317426244185724,10
242,2000-08-30,-1.000098004209187,1.3101556957273113,10
243,2000-08-31,-1.0106134367985442,1.3028046179007382,10
244,2000-09-01,-1.021066785781929,1.2953737388529023,10
245,2000-09-02,-1.0314576182751587,1.2878637275841731,10
246,2000-09-03,-1.0417854475803316,1.280275184723816,10
247,2000-09-04,-1.0520497239644588,1.272608633930154,10
248,2000-09-05,-1.062249828928535,1.2648645151016291,10
249,2000-09-06,-1.0723850737523022,1.257043181032778,10
250,2000-09-07,-1.0824547022369917,1.24914489892616,10
251,2000-09-08,-1.0924578966938492,1.2411698572749825,10
252,2000-09-09,-1.1023937858476192,1.2331181775976416,10
253,2000-09-10,-1.1122614536477662,1.224989929846166,10
254,2000-09-11,-1.1220599486848994,1.2167851500598303,10
255,2000-09-12,-1.131788294458183,1.208503858769489,10
256,2000-09-13,-1.1414455008377258,1.2001460787383171,10
257,2000-09-14,-1.1510305767676372,1.1917118509324849,10
258,2000-09-15,-1.1605425437296752,1.1832012480258458,10
259,2000-09-16,-1.1699804488688736,1.1746143850006106,10
260,2000-09-17,-1.17934337620032,1.1659514264894515,10
261,2000-09-18,-1.1886304543746276,1.157212590670226,10
262,2000-09-19,-1.197840860327287,1.1483981499537108,10
263,2000-09-20,-1.2069738194131863,1.139508429226863,10
264,2000-09-21,-1.2160286035041383,1.1305438026633439,10
265,2000-09-22,-1.2250045284626956,1.121504689917645,10
266,2000-09-23,-1.2339009515992403,1.1123915520489271,10
267,2000-09-24,-1.242717268792878,1.1032048870889293,10
268,2000-09-25,-1.251452910402666,1.093945224992193,10
269,2000-09-26,-1.259801145062781,1.0847395576238201,9
270,2000-09-27,-1.2683538251943898,1.075351557838615,9
271,2000-09-28,-1.2768248916260005,1.0658930672355666,9
272,2000-09-29,-1.2852138549407641,1.0563646551913726,9
273,2000-09-30,-1.293520212256008,1.0467668939442192,9
274,2000-10-01,-1.3017434410049886,1.0371003544594635,9
275,2000-10-02,-1.3098829965331489,1.0273656016670158,9
276,2000-10-03,-1.3179383128833486,1.0175631887778158,9
277,2000-10-04,-1.3259088057559536,1.0076936517632902,9
278,2000-10-05,-1.333793876947566,0.9977575063050278,9
279,2000-10-06,-1.3415929200952164,0.9877552495535388,9
280,2000-10-07,-1.3493053278097553,0.9776873676355221,9
281,2000-10-08,-1.3568281596750282,0.9659261752864684,10
282,2000-10-09,-1.3643390139011728,0.9557132560022683,10
283,2000-10-10,-1.3717611149496847,0.9454373723276358,10
284,2000-10-11,-1.3790939720212387,0.9350991422348574,10
285,2000-10-12,-1.3863371390445594,0.9246992254509486,10
286,2000-10-13,-1.3934902202433936,0.9142383240308795,10
287,2000-10-14,-1.400552874626563,0.9037171806566175,10
288,2000-10-15,-1.4075248194564502,0.8931365758219518,10
289,2000-10-16,-1.4144058322601127,0.8824973245644367,10
290,2000-10-17,-1.4211957507602677,0.8718002729151086,10
291,2000-10-18,-1.4278944704886802,0.861046293997317,10
292,2000-10-19,-1.4345019405048904,0.8502362836835391,10
293,2000-10-20,-1.4410181579899877,0.8393711557729376,10
294,2000-10-21,-1.4474431621975854,0.8284518366921154,10
295,2000-10-22,-1.4537770275181738,0.8174792597432816,10
296,2000-10-23,-1.4600198547343477,0.8064543589688637,10
297,2000-10-24,-1.4661717593467007,0.795378062807683,10
298,2000-10-25,-1.4722328563622267,0.7842512878880368,10
299,2000-10-26,-1.4782032421608688,0.7730749334786825,10
300,2000-10-27,-1.4838699326383868,0.7619534488512417,9
301,2000-10-28,-1.489635778163212,0.7506965587789771,9
302,2000-10-29,-1.4953121440952368,0.7393930722865714,9
303,2000-10-30,-1.5008989051099462,0.7280437648359935,9
304,2000-10-31,-1.5063958675892866,0.7166493871330276,9
305,2000-11-01,-1.5118027779955332,0.7052106616271572,9
306,2000-11-02,-1.517119330956437,0.6937282792151497,9
307,2000-11-03,-1.522345175975107,0.6822028983351195,9
308,2000-11-04,-1.5274799235363623,0.6706351483546724,9
309,2000-11-05,-1.5325231519290938,0.6590256375755082,9
310,2000-11-06,-1.5374744153438489,0.6473749642353563,9
311,2000-11-07,-1.5423332526360565,0.6356837277728713,9
312,2000-11-08,-1.546938289797532,0.6229862398658789,10
313,2000-11-09,-1.5515902342896353,0.6112130175943312,10
314,2000-11-10,-1.5561483640340639,0.5994018102988609,10
315,2000-11-11,-1.5606122656455321,0.5875532757172415,10
316,2000-11-12,-1.564981532724802,0.5756680850008902,10
317,2000-11-13,-1.5692557663934263,0.5637469205074925,10
318,2000-11-14,-1.5734345752496248,0.5517904738552338,10
319,2000-11-15,-1.5775175742174816,0.5397994439687879,10
320,2000-11-16,-1.5815043818343841,0.5277745346135404,10
321,2000-11-17,-1.5853946159501395,0.5157164510912132,10
322,2000-11-18,-1.5891878881617771,0.5036258961994331,10
323,2000-11-19,-1.592883797276787,0.4915035660147258,10
324,2000-11-20,-1.5964819217488986,0.479350146330691,10
325,2000-11-21,-1.5999818107061212,0.46716631052100266,10
326,2000-11-22,-1.603382973270948,0.4549527192086457,10
327,2000-11-23,-1.6066848665865787,0.4427100216146958,10
328,2000-11-24,-1.609886884250328,0.4304388580840781,10
329,2000-11-25,-1.6129883482019636,0.41813986313365903,10
330,2000-11-26,-1.6159885075461498,0.40581366837316646,10
331,2000-11-27,-1.6188865464388025,0.39346090475495304,10
332,2000-11-28,-1.62168160029252,0.38108220384057623,10
333,2000-11-29,-1.6243727768063692,0.36867819815860337,10
334,2000-11-30,-1.6269591774846506,0.35624952121283576,10
335,2000-12-01,-1.6294399167000995,0.34379680810431185,10
336,2000-12-02,-1.6318141376458888,0.3313206977596691,10
337,2000-12-03,-1.6340810259929126,0.3188218371967301,10
338,2000-12-04,-1.6362398220435845,0.3063008872965676,10
339,2000-12-05,-1.6382898313162246,0.2937585287797797,10
340,2000-12-06,-1.6402304328760584,0.28119546697654285,10
341,2000-12-07,-1.6420610848146002,0.26861243449282113,10
342,2000-12-08,-1.643781326863295,0.2560101916280217,10
343,2000-12-09,-1.6453907808029449,0.24338952504240255,10
344,2000-12-10,-1.6468891497309235,0.23075124550277645,10
345,2000-12-11,-1.648276217080989,0.2180961854559911,10
346,2000-12-12,-1.6495518454972784,0.20542519673144208,10
347,2000-12-13,-1.650715974613214,0.192739148099422,10
348,2000-12-14,-1.6517686161707397,0.1800389220839405,10
349,2000-12-15,-1.651803624565459,0.16821797166851046,9
350,2000-12-16,-1.6526318227907688,0.15552457623172572,9
351,2000-12-17,-1.6533501532438815,0.14281953433331823,9
352,2000-12-18,-1.6539587831336418,0.1301036819132718,9
353,2000-12-19,-1.654457880647385,0.11737784678228778,9
354,2000-12-20,-1.6548476005236044,0.10464284854814827,9
355,2000-12-21,-1.6551280718303318,0.09189950089283824,9
356,2000-12-22,-1.6552993887271676,0.07914861482872454,9
357,2000-12-23,-1.6553616050866744,0.06639100122170952,9
358,2000-12-24,-1.6553147338214544,0.05362747127882251,9
359,2000-12-25,-1.6547398119084182,0.039527027901871285,10
360,2000-12-26,-1.6544507848312384,0.02676365889164099,10
361,2000-12-27,-1.6540530413717034,0.013997785687586283,10
362,2000-12-28,-1.653546533023206,0.0012301908041645333,10
363,2000-12-29,-1.6529312185916576,-0.011538352745643592,10
364,2000-12-30,-1.6522070736001502,-0.02430708026212035,10
365,2000-12-31,-1.6513740979098244,-0.03707523295108549,10
366,2001-01-01,-1.650432321059187,-0.049842055047664736,10
367,2001-01-02,-1.649381804730907,-0.06260679119154268,10
368,2001-01-03,-1.6482226421811728,-0.07536868449589433,10
369,2001-01-04,-1.6469549552069784,-0.08812697537027517,10
370,2001-01-05,-1.6455788898223238,-0.10088090084563792,10
371,2001-01-06,-1.644094612042563,-0.1136296940107885,10
372,2001-01-07,-1.6425023050776335,-0.12637258322254716,10
373,2001-01-08,-1.6408021688272951,-0.13910879095704848,10
374,2001-01-09,-1.638994421738248,-0.1518375324447962,10
375,2001-01-10,-1.6370793037981946,-0.1645580144666983,10
376,2001-01-11,-1.6350570781239144,-0.17726943475330023,10
377,2001-01-12,-1.6329280281187288,-0.1899709822121818,10
378,2001-01-13,-1.630692448191964,-0.20266183772492088,10
379,2001-01-14,-1.6283506282023754,-0.21534117473732015,10
380,2001-01-15,-1.625076294096368,-0.22682961103336313,9
381,2001-01-16,-1.622528311320035,-0.23945506853900267,9
382,2001-01-17,-1.6198764111302912,-0.25206766213257636,9
383,2001-01-18,-1.617120625353417,-0.2646665242004171,9
384,2001-01-19,-1.6142609008556679,-0.27725074994315085,9
385,2001-01-20,-1.6112971027595921,-0.2898193971557714,9
386,2001-01-21,-1.608229023472632,-0.30237149064617064,9
387,2001-01-22,-1.6050563951139576,-0.31490603063539685,9
388,2001-01-23,-1.60177890270679,-0.3274220029612371,9
389,2001-01-24,-1.5983961961475146,-0.33991838813819814,9
390,2001-01-25,-1.5949079004186963,-0.3523941668922187,9
391,2001-01-26,-1.5909770603863156,-0.36576156683673516,10
392,2001-01-27,-1.5872604849058216,-0.37817335368443633,10
393,2001-01-28,-1.5834378971373366,-0.3905610359621278,10
394,2001-01-29,-1.5795089595496583,-0.40292361839173,10
395,2001-01-30,-1.5754733588501622,-0.41526009608969094,10
396,2001-01-31,-1.571330808974593,-0.42756945429689724,10
397,2001-02-01,-1.5670810498826837,-0.43985066875961526,10
398,2001-02-02,-1.5627238440064386,-0.4521027064320903,10
399,2001-02-03,-1.558258972730324,-0.4643245263195324,10
400,2001-02-04,-1.5536862348618283,-0.47651508048852786,10
401,2001-02-05,-1.5490054482265516,-0.4886733154449499,10
402,2001-02-06,-1.5442164546092092,-0.5007981741464044,10
403,2001-02-07,-1.5393191272110707,-0.512888598803569,10
404,2001-02-08,-1.534313378561995,-0.5249435342910095,10
405,2001-02-09,-1.5291991658138115,-0.5369619315050235,10
406,2001-02-10,-1.5239764903756619,-0.5489427495966235,10
407,2001-02-11,-1.5186453904286779,-0.5608849559512435,10
408,2001-02-12,-1.5132059273858716,-0.5727875232325733,10
409,2001-02-13,-1.5076581695091693,-0.5846494236767616,10
410,2001-02-14,-1.5020021767586498,-0.5964696218817686,10
411,2001-02-15,-1.4962379905478138,-0.6082470682763601,10
412,2001-02-16,-1.4903656307968711,-0.6199806958731467,10
413,2001-02-17,-1.4843851008025548,-0.631669422417766,10
414,2001-02-18,-1.4782963983666593,-0.6433121585864792,10
415,2001-02-19,-1.4720995300272954,-0.6549078209327038,10
416,2001-02-20,-1.4657945247834565,-0.6664553466045696,10
417,2001-02-21,-1.4593814446117734,-0.6779537061373114,10
418,2001-02-22,-1.452860390947221,-0.6894019112650372,10
419,2001-02-23,-1.446231508204573,-0.7007990165503944,10
420,2001-02-24,-1.4394949862955717,-0.7121441158147186,10
421,2001-02-25,-1.4326510634964313,-0.7234363357115225,10
422,2001-02-26,-1.4257000295017541,-0.734674828806894,10
423,2001-02-27,-1.4186422272031725,-0.7458587676292787,10
424,2001-02-28,-1.4114780515629448,-0.7569873401185043,10
425,2001-03-01,-1.4042079450151186,-0.7680597462623358,10
426,2001-03-02,-1.3968323903514233,-0.7790751955346374,10
427,2001-03-03,-1.3893519029994186,-0.7900329048548547,10
428,2001-03-04,-1.3817670245098388,-0.8009320969664258,10
429,2001-03-05,-1.374078318269734,-0.8117719992778805,10
430,2001-03-06,-1.3662863675588124,-0.8225518432944232,10
431,2001-03-07,-1.3583917753939576,-0.8332708647506172,10
432,2001-03-08,-1.350395165122624,-0.8439283043658,10
433,2001-03-09,-1.3422971803421655,-0.8545234087584695,10
434,2001-03-10,-1.3340984826049882,-0.8650554306112929,10
435,2001-03-11,-1.32579974584929,-0.8755236269822696,10
436,2001-03-12,-1.3174016476145631,-0.8859272549844733,10
437,2001-03-13,-1.308904858371859,-0.8962655648912047,10
438,2001-03-14,-1.3003100310842364,-0.906537791758234,10
439,2001-03-15,-1.2916177931651232,-0.9167431475328808,10
440,2001-03-16,-1.2822224253962669,-0.9275612155306102,11
441,2001-03-17,-1.2733404347173534,-0.937602360025637,11
442,2001-03-18,-1.2643638911279258,-0.9475741424201187,11
443,2001-03-19,-1.2552933321272863,-0.9574757531703187,11
444,2001-03-20,-1.2461292323089463,-0.967306282323651,11
445,2001-03-21,-1.2368721224546135,-0.9770649307335035,11
446,2001-03-22,-1.227522519739274,-0.9867508845327577,11
447,2001-03-23,-1.218080949572341,-0.9963633509484069,11
448,2001-03-24,-1.2085479474082,-1.0059015562033349,11
449,2001-03-25,-1.1989240600395916,-1.0153647403387172,11
450,2001-03-26,-1.1892098465657641,-1.0247521510137967,11
451,2001-03-27,-1.1794058787797028,-1.0340630379029585,11
452,2001-03-28,-1.1695127406652877,-1.043296648407441,11
453,2001-03-29,-1.1595310270442194,-1.0524522246299268,11
454,2001-03-30,-1.1494613419231385,-1.061529001288798,11
455,2001-03-31,-1.1393042973972014,-1.0705262043967516,11
456,2001-04-01,-1.1290605137942875,-1.0794430507242752,11
457,2001-04-02,-1.1187306211271801,-1.0882787480221954,11
458,2001-04-03,-1.1083152611913258,-1.0970324957109205,11
459,2001-04-04,-1.097815089207287,-1.1057034854907388,11
460,2001-04-05,-1.0872307739695002,-1.1142909012730455,11
461,2001-04-06,-1.076562995932717,-1.1227939179658217,11
462,2001-04-07,-1.0658124432843208,-1.1312116988353977,11
463,2001-04-08,-1.0549798066080016,-1.139543391344309,11
464,2001-04-09,-1.0442319149172399,-1.1458295557906564,10
465,2001-04-10,-1.0332610164100342,-1.1540050965221544,10
466,2001-04-11,-1.022209565701591,-1.162093610287177,10
467,2001-04-12,-1.011078175716342,-1.1700940410024359,10
468,2001-04-13,-0.9998674489027156,-1.1780052861558694,10
469,2001-04-14,-0.9885779783431311,-1.1858262015472787,10
470,2001-04-15,-0.9772103498774052,-1.1935556102467162,10
471,2001-04-16,-0.9657651449622539,-1.2011923145297156,10
472,2001-04-17,-0.9542429441040642,-1.2087351086831457,10
473,2001-04-18,-0.942644330890882,-1.2161827905885902,10
474,2001-04-19,-0.9307375972490147,-1.2237397158033991,11
475,2001-04-20,-0.91900603141475,-1.2309694305928547,11
476,2001-04-21,-0.9072005735104857,-1.2381015141339544,11
477,2001-04-22,-0.8953218403092937,-1.2451348737018777,11
478,2001-04-23,-0.8833704719142871,-1.2520684288825457,11
479,2001-04-24,-0.8713471306844749,-1.2589011063560234,11
480,2001-04-25,-0.8592524985183063,-1.2656318347231559,11
481,2001-04-26,-0.8470872736953923,-1.2722595406770363,11
482,2001-04-27,-0.8348521686098461,-1.278783147327991,11
483,2001-04-28,-0.8225479094320192,-1.2852015750727024,11
484,2001-04-29,-0.8101752381076622,-1.2915137450711875,11
485,2001-04-30,-0.797734916304251,-1.2977185849460848,11
486,2001-05-01,-0.7852277301486497,-1.3038150356236262,11
487,2001-05-02,-0.7726544941176634,-1.3098020575088172,11
488,2001-05-03,-0.7600160525144612,-1.3156786339152649,11
489,2001-05-04,-0.747313277704623,-1.3214437702332495,11
490,2001-05-05,-0.7345470654352456,-1.3270964886064482,11
491,2001-05-06,-0.721718328579964,-1.3326358193347307,11
492,2001-05-07,-0.7088279911053352,-1.3380607912524085,11
493,2001-05-08,-0.6958769838190758,-1.3433704236790545,11
494,2001-05-09,-0.6828662426701088,-1.3485637222018252,11
495,2001-05-10,-0.6697967093488743,-1.353639679680278,11
496,2001-05-11,-0.6566693331371951,-1.358597282728868,11
497,2001-05-12,-0.6434850727284104,-1.3634355227599066,11
498,2001-05-13,-0.630244897116611,-1.368153409580488,11
499,2001-05-14,-0.6169497854161494,-1.3727499847600784,11
500,2001-05-15,-0.6036007262886862,-1.3772243320380804,11
501,2001-05-16,-0.590198718156553,-1.3815755832595242,11
502,2001-05-17,-0.5767447712602712,-1.3858029201434026,11
503,2001-05-18,-0.563239911823562,-1.3899055733696772,11
504,2001-05-19,-0.5496851874400851,-1.3938828203250813,11
505,2001-05-20,-0.5360816718867865,-1.3977339818738106,11
506,2001-05-21,-0.5224304674814504,-1.4014584177845482,11
507,2001-05-22,-0.5087327040018471,-1.4050555205662352,11
508,2001-05-23,-0.49498953459153305,-1.4085247082067147,11
509,2001-05-24,-0.48120213019588565,-1.4118654169881033,11
510,2001-05-25,-0.4673716744095271,-1.4150770957240482,11
511,2001-05-26,-0.45349936022238696,-1.4181592024749434,11
512,2001-05-27,-0.4395863893501911,-1.4211112042975793,11
513,2001-05-28,-0.4256339739418611,-1.4239325799852471,11
514,2001-05-29,-0.4116433396979229,-1.4266228249959285,11
515,2001-05-30,-0.39761572896591946,-1.4291814568564065,11
516,2001-05-31,-0.38355240233379295,-1.431608018599515,11
517,2001-06-01,-0.36945463773456516,-1.4339020778567297,11
518,2001-06-02,-0.3553237270362089,-1.4360632204663755,11
519,2001-06-03,-0.34116097110893817,-1.4380910394571618,11
520,2001-06-04,-0.32696767489606277,-1.4399851220407545,11
521,2001-06-05,-0.31274514381473256,-1.4417450380479466,11
522,2001-06-06,-0.2984946820561535,-1.44337033296079,11
523,2001-06-07,-0.28421759242993205,-1.444860527577432,11
524,2001-06-08,-0.2699151766997988,-1.446215124720659,11
525,2001-06-09,-0.2555887351910819,-1.4474336216505836,11
526,2001-06-10,-0.24123956492772122,-1.4485155253849864,11
527,2001-06-11,-0.22686895651922648,-1.4494603673426476,11
528,2001-06-12,-0.21247819103444088,-1.450267713975617,11
529,2001-06-13,-0.1980685386006576,-1.4509371715827137,11
530,2001-06-14,-0.18364126007582723,-1.451468385881233,11
531,2001-06-15,-0.16919761199975836,-1.451861038902058,11
532,2001-06-16,-0.15473885372886811,-1.45211484614585,11
533,2001-06-17,-0.14026625480782212,-1.4522295556077527,11
534,2001-06-18,-0.1257811005589006,-1.4522049483221462,11
535,2001-06-19,-0.11128469460562551,-1.4520408388241408,11
536,2001-06-20,-0.096778358301847,-1.4517370740170412,11
537,2001-06-21,-0.0822634282118967,-1.451293530000509,11
538,2001-06-22,-0.06774125329060972,-1.4507101075331783,11
539,2001-06-23,-0.053213193089498186,-1.449986727355394,11
540,2001-06-24,-0.038680617501424285,-1.4491233265809746,11
541,2001-06-25,-0.02414490774198607,-1.448119857023013,11
542,2001-06-26,-0.009607457778342486,-1.4469762857408741,11
543,2001-06-27,0.0049303246742429495,-1.4456925972608095,11
544,2001-06-28,0.019467018251957454,-1.4442687959787095,11
545,2001-06-29,0.034001189387341306,-1.4427049066763922,11
546,2001-06-30,0.04853139482564686,-1.4410009714340375,11
547,2001-07-01,0.06305618447125111,-1.4391570425750166,11
548,2001-07-02,0.07757410365896085,-1.4371731729530113,11
549,2001-07-03,0.09208369423347225,-1.4350494059797951,11
550,2001-07-04,0.10658349445590859,-1.4327857679241105,11
551,2001-07-05,0.12107203844120965,-1.4303822644002067,11
552,2001-07-06,0.1355478562341807,-1.4278388819254944,11
553,2001-07-07,0.1500094755270588,-1.42515559417047,11
554,2001-07-08,0.16445542538940594,-1.4223323713172946,11
555,2001-07-09,0.17888424143441803,-1.4193691901597074,11
556,2001-07-10,0.1932944709399146,-1.4162660425192188,11
557,2001-07-11,0.20663448399319298,-1.4125522301973743,10
558,2001-07-12,0.22102917428825866,-1.4092020768358176,10
559,2001-07-13,0.2354020861226446,-1.4057110625407516,10
560,2001-07-14,0.24975179230267555,-1.402079237974261,10
561,2001-07-15,0.2640768603720229,-1.398306672828166,10
562,2001-07-16,0.2783758440841698,-1.394393455724041,10
563,2001-07-17,0.2926472776938994,-1.390339694734292,10
564,2001-07-18,0.30688967307312887,-1.386145516989526,10
565,2001-07-19,0.32110151858231223,-1.3818110663593361,10
566,2001-07-20,0.33528127825026144,-1.3773364993470905,10
567,2001-07-21,0.34942739029279163,-1.3727219803722828,10
568,2001-07-22,0.3635382650590749,-1.3679676780406558,10
569,2001-07-23,0.3776122834659497,-1.3630737637392139,10
570,2001-07-24,0.3916477972103386,-1.3580404130720314,10
571,2001-07-25,0.40485368563840507,-1.3531912118402445,11
572,2001-07-26,0.4187881091290833,-1.3479051593237001,11
573,2001-07-27,0.4326800123447138,-1.3424809469960421,11
574,2001-07-28,0.44652772941347174,-1.3369187554857702,11
575,2001-07-29,0.4603295873989539,-1.3312187765515064,11
576,2001-07-30,0.47408390853012183,-1.3253812096813742,11
577,2001-07-31,0.48778901097841837,-1.3194062585269926,11
578,2001-08-01,0.5014432088251002,-1.3132941285834556,11
579,2001-08-02,0.5150448122948885,-1.3070450269836367,11
580,2001-08-03,0.5285921294910754,-1.3006591646803527,11
581,2001-08-04,0.5420834705730915,-1.2941367608060261,11
582,2001-08-05,0.5555171545193494,-1.2874780486407817,11
583,2001-08-06,0.5688915175883282,-1.2806832824184713,11
584,2001-08-07,0.5822049217978865,-1.273752744175906,11
585,2001-08-08,0.5954557615034256,-1.2666867499358623,11
586,2001-08-09,0.608642466535968,-1.259485654635933,11
587,2001-08-10,0.6217635012982969,-1.2521498554061399,11
588,2001-08-11,0.6348173604520811,-1.2446797931139664,11
589,2001-08-12,0.6478025628174686,-1.2370759524490869,11
590,2001-08-13,0.6607176453195667,-1.2293388609899338,11
591,2001-08-14,0.6735611581875641,-1.2214690875457626,11
592,2001-08-15,0.6863316615731088,-1.213467239754673,11
593,2001-08-16,0.6990277228758682,-1.2053339607935138,11
594,2001-08-17,0.7116479137444056,-1.1970699253281138,11
595,2001-08-18,0.7241908061025032,-1.188675835343889,11
596,2001-08-19,0.7366549674983848,-1.180152416858756,11
597,2001-08-20,0.7490389570968946,-1.1715004184008615,11
598,2001-08-21,0.7613413239870858,-1.1627206114460231,11
599,2001-08-22,0.773560608695181,-1.1538137920094647,11
600,2001-08-23,0.7856953472876184,-1.1447807818383295,11
601,2001-08-24,0.7977440762990149,-1.1356224276914346,11
602,2001-08-25,0.8097053366769613,-1.1263395980902897,11
603,2001-08-26,0.8215776758227266,-1.1169331782023226,11
604,2001-08-27,0.83335964791037,-1.107404064463346,11
605,2001-08-28,0.845049813414246,-1.097753160640084,11
606,2001-08-29,0.8566467389915963,-1.087981376283894,11
607,2001-08-30,0.8681489986520577,-1.0780896274724614,11
608,2001-08-31,0.8795551766725515,-1.0680788389919504,11
609,2001-09-01,0.8908638721129938,-1.0579499469289064,11
610,2001-09-02,0.9020737041692144,-1.0477039009337077,11
611,2001-09-03,0.9131833171729287,-1.0373416659940446,11
612,2001-09-04,0.9241913840654172,-1.0268642241577315,11
613,2001-09-05,0.9350966076645141,-1.0162725769102972,11
614,2001-09-06,0.9458977197351649,-1.0055677485838217,11
615,2001-09-07,0.9565934784296093,-0.9947507903794609,11
616,2001-09-08,0.9671826649360731,-0.9838227838595034,11
617,2001-09-09,0.9776640801598794,-0.9727848426670398,11
618,2001-09-10,0.9880365420067827,-0.9616381118797834,11
619,2001-09-11,0.998298883445061,-0.9503837653432163,11
620,2001-09-12,1.0084499511194542,-0.9390230019378042,11
621,2001-09-13,1.018488603986926,-0.9275570417854299,11
622,2001-09-14,1.02841371134726,-0.9159871231398045,11
623,2001-09-15,1.0382241498617137,-0.9043145004629096,11
624,2001-09-16,1.0479187997325219,-0.8925404440164362,11
625,2001-09-17,1.0574965409772676,-0.8806662409930233,11
626,2001-09-18,1.066956251194676,-0.8686931976209125,11
627,2001-09-19,1.0762968058449909,-0.8566226409706643,11
628,2001-09-20,1.0855170808461616,-0.8444559188757579,11
629,2001-09-21,1.0946159560156041,-0.8321943968790221,11
630,2001-09-22,1.1035923175569606,-0.8198394523181205,11
631,2001-09-23,1.1124450586435704,-0.8073924669299261,11
632,2001-09-24,1.121173078532507,-0.7948548200246695,11
633,2001-09-25,1.1297752816784774,-0.7822278840534892,11
634,2001-09-26,1.1382505785242962,-0.7695130233904397,11
635,2001-09-27,1.146597889070653,-0.7567115958662824,11
636,2001-09-28,1.1548161493285505,-0.7438249556764912,11
637,2001-09-29,1.162904319703157,-0.7308544561486175,11
638,2001-09-30,1.170861393529952,-0.7178014514454305,11
639,2001-10-01,1.1786864037017317,-0.7046672972432584,11
640,2001-10-02,1.1863784259121755,-0.6914533513229228,11
641,2001-10-03,1.193936578420443,-0.6781609754302391,11
642,2001-10-04,1.2013600196887442,-0.664791539431728,11
643,2001-10-05,1.2086479458782347,-0.651346427765073,11
644,2001-10-06,1.215799589702185,-0.637827046926322,11
645,2001-10-07,1.222814220960092,-0.6242348319537635,11
646,2001-10-08,1.22969114797348,-0.610571250116071,11
647,2001-10-09,1.236429718690701,-0.596837801221223,11
648,2001-10-10,1.2430293204782579,-0.5830360153648725,11
649,2001-10-11,1.2494893781714937,-0.5691674496764835,11
650,2001-10-12,1.2558093504186414,-0.555233685475629,11
651,2001-10-13,1.2619887246469657,-0.5412363266394818,11
652,2001-10-14,1.26802701124821,-0.5271769993870369,11
653,2001-10-15,1.2739237378662567,-0.5130573532263913,11
654,2001-10-16,1.2796784447752723,-0.4988790623421521,11
655,2001-10-17,1.2852906819753447,-0.48464382619344193,11
656,2001-10-18,1.290760007788533,-0.4703533678785815,11
657,2001-10-19,1.2960859878884905,-0.45600942934188077,11
658,2001-10-20,1.3012681934950725,-0.4416137637292126,11
659,2001-10-21,1.306306198110009,-0.42716812646289337,11
660,2001-10-22,1.3111995732289141,-0.41267426712279415,11
661,2001-10-23,1.3159478843217391,-0.39813392376078566,11
662,2001-10-24,1.3205506886496503,-0.38354882018419784,11
663,2001-10-25,1.3250075361038203,-0.3689206655633079,11
664,2001-10-26,1.329317973374829,-0.3542511549363385,11
665,2001-10-27,1.333481550720627,-0.3395419691227103,11
666,2001-10-28,1.3374978297496884,-0.32479477324816936,11
667,2001-10-29,1.3417802709521758,-0.3093870035648816,10
668,2001-10-30,1.3455068995225081,-0.29453414294708197,10
669,2001-10-31,1.3490836803087474,-0.27964826729851894,10
670,2001-11-01,1.3525102825018362,-0.2647310175618622,10
671,2001-11-02,1.3557864010162537,-0.24978401962700766,10
672,2001-11-03,1.3589117560662534,-0.23480889465379456,10
673,2001-11-04,1.361886095061792,-0.21980726901258418,10
674,2001-11-05,1.3647091956217714,-0.20478078155068402,10
675,2001-11-06,1.367380867735917,-0.18973108709731734,10
676,2001-11-07,1.369900953590741,-0.17465985671199685,10
677,2001-11-08,1.3722693247754365,-0.15956877631280225,10
678,2001-11-09,1.3744858776546325,-0.14445954541576206,10
679,2001-11-10,1.3765505281808676,-0.12933387694626927,10
680,2001-11-11,1.378463207375248,-0.11419349813314346,10
681,2001-11-12,1.380223858347385,-0.0990401519087999,10
682,2001-11-13,1.381832435184133,-0.08387559805337316,10
683,2001-11-14,1.3832889033778888,-0.06870161327288354,10
684,2001-11-15,1.3845932408345822,-0.053519989388537303,10
685,2001-11-16,1.3857454382017913,-0.038332529067718626,10
686,2001-11-17,1.3867454975819398,-0.02314103925731966,10
687,2001-11-18,1.3875934295606573,-0.007947323420395214,10
